,Type,Created_At,impulse_candle_size,created_hour,time,distance,vol_regime,sessions,Hit_At,l,c,o,h,hour_hit,Return,success,Zone_Top,Zone_Bottom,zone_size,atr_14,sessions_num,vol_regime_num
0,Bullish,2015-01-30 15:00:00,0.7419999999999618,15,2015-02-03 14:00:00,95.0,High,london/NY,2015-02-03 14:00:00,1260.78,1264.544,1265.447,1269.716,14,-0.002293096218887886,0,1264.618,1258.608,6.009999999999991,4.971642857142846,4.0,3
1,Bullish,2015-01-29 23:00:00,0.900000000000091,23,2015-02-03 15:00:00,112.0,High,london/NY,2015-02-03 15:00:00,1256.334,1258.586,1264.72,1265.76,15,0.0030539245595516636,1,1257.609,1256.533,1.0760000000000218,5.338142857142835,4.0,3
2,Bullish,2015-02-18 19:00:00,3.490000000000009,19,2015-02-20 18:00:00,47.0,High,NY,2015-02-20 18:00:00,1199.814,1200.437,1206.819,1207.777,18,0.002607855226541702,1,1201.433,1199.007,2.425999999999931,4.1559285714285386,5.0,3
3,Bullish,2015-01-02 15:00:00,4.281999999999925,15,2015-03-06 16:00:00,1513.0,High,london/NY,2015-03-06 16:00:00,1171.329,1171.768,1176.351,1176.446,16,-0.0011683439386078714,0,1174.344,1169.144,5.2000000000000455,4.160285714285692,4.0,3
4,Bullish,2015-03-13 20:00:00,2.180000000000064,20,2015-03-16 11:00:00,63.0,Medium,london,2015-03-16 11:00:00,1155.246,1156.669,1156.95,1157.69,11,-0.0012504240192175342,0,1156.176,1155.04,1.1359999999999673,2.6689999999999663,3.0,2
5,Bullish,2015-03-24 08:00:00,0.1340000000000145,8,2015-03-25 03:00:00,19.0,Low,asian,2015-03-25 03:00:00,1187.368,1188.644,1191.209,1192.071,3,0.007646805063078178,1,1188.751,1187.274,1.4770000000000891,2.270357142857165,1.0,1
6,Bullish,2015-03-26 06:00:00,5.028999999999996,6,2015-03-27 07:00:00,25.0,Low,asian,2015-03-27 07:00:00,1197.849,1198.731,1202.708,1205.283,7,0.0009764932800418026,1,1199.918,1198.46,1.4579999999998563,2.4446428571428345,1.0,1
7,Bullish,2015-04-13 12:00:00,3.724999999999909,12,2015-04-13 23:00:00,11.0,Low,Closing,2015-04-13 23:00:00,1198.359,1199.222,1198.774,1199.251,23,-0.0070404741792296065,0,1200.231,1198.187,2.0440000000000964,2.4271428571428424,,1
8,Bullish,2015-04-23 17:00:00,0.9809999999999944,17,2015-04-24 04:00:00,11.0,Low,asian,2015-04-24 04:00:00,1190.927,1191.302,1191.896,1191.989,4,-0.011171423979980808,0,1192.293,1191.02,1.2729999999999109,1.665285714285736,1.0,1
9,Bullish,2015-05-13 06:00:00,0.7420000000001892,6,2015-05-26 09:00:00,315.0,Medium,asian/london,2015-05-26 09:00:00,1193.089,1194.303,1195.155,1195.632,9,-0.004665500815299646,0,1193.736,1192.503,1.2330000000001746,2.429642857142832,2.0,2
10,Bullish,2015-05-01 19:00:00,0.2940000000000964,19,2015-06-04 14:00:00,811.0,High,london/NY,2015-06-04 14:00:00,1173.555,1175.298,1176.18,1177.27,14,0.00265366237328076,1,1175.5,1174.083,1.4169999999999163,3.2190714285713966,4.0,3
11,Bullish,2015-06-09 04:00:00,0.3249999999998181,4,2015-06-09 21:00:00,17.0,Medium,NY,2015-06-09 21:00:00,1175.548,1176.195,1176.544,1176.544,21,0.007465095479477192,1,1176.063,1175.28,0.7830000000001291,2.4992857142856986,5.0,2
12,Bullish,2015-06-10 04:00:00,1.15300000000002,4,2015-06-11 12:00:00,32.0,Medium,london,2015-06-11 12:00:00,1174.932,1182.774,1179.762,1185.314,12,0.0044750535633607475,1,1176.991,1175.83,1.1610000000000582,2.329571428571448,3.0,2
13,Bullish,2015-06-24 22:00:00,0.1179999999999381,22,2015-06-25 09:00:00,11.0,Low,asian/london,2015-06-25 09:00:00,1174.519,1174.79,1174.752,1176.113,9,-0.0012374978449148086,0,1174.844,1174.251,0.5930000000000746,1.4116428571429,2.0,1
14,Bullish,2015-06-30 15:00:00,2.7170000000000982,15,2015-07-01 12:00:00,21.0,Low,london,2015-07-01 12:00:00,1168.264,1169.98,1172.179,1172.195,12,-0.0016864040296000068,0,1171.821,1169.255,2.5659999999998035,1.686642857142829,3.0,1
15,Bullish,2015-03-18 18:00:00,5.828999999999951,18,2015-07-07 14:00:00,2660.0,High,london/NY,2015-07-07 14:00:00,1147.819,1153.336,1156.218,1157.512,14,0.0032207195283570343,1,1154.691,1149.763,4.928000000000111,3.1046428571428675,4.0,3
16,Bullish,2015-07-09 05:00:00,0.4549999999999272,5,2015-07-09 22:00:00,17.0,High,NY,2015-07-09 22:00:00,1157.293,1158.164,1158.589,1160.866,22,0.004289169383112016,1,1158.418,1157.415,1.002999999999929,2.900428571428571,5.0,3
17,Bullish,2015-08-11 07:00:00,2.6549999999999727,7,2015-09-11 13:00:00,750.0,Medium,london,2015-09-11 13:00:00,1098.618,1100.241,1106.433,1106.765,13,0.005561328718439836,1,1102.476,1097.358,5.1180000000001655,2.4292857142857462,3.0,2
18,Bullish,2015-09-23 11:00:00,1.3250000000000457,11,2015-09-29 06:00:00,139.0,Low,asian,2015-09-29 06:00:00,1125.487,1127.431,1126.146,1128.489,6,0.0045279582431007655,1,1126.118,1125.007,1.1109999999998763,2.080428571428521,1.0,1
19,Bullish,2015-09-16 12:00:00,3.798000000000002,12,2015-10-02 06:00:00,378.0,Low,asian,2015-10-02 06:00:00,1107.767,1110.016,1111.88,1112.001,6,0.02522183154520372,1,1108.75,1107.346,1.4039999999999964,1.4443571428571431,1.0,1
20,Bullish,2015-10-23 18:00:00,1.4800000000000182,18,2015-10-26 07:00:00,61.0,Low,asian,2015-10-26 07:00:00,1162.427,1162.717,1164.479,1164.632,7,0.0013848361090963669,1,1163.68,1162.227,1.4529999999999745,1.9390000000000456,1.0,1
21,Bullish,2015-12-04 13:00:00,10.933999999999967,13,2015-12-11 13:00:00,168.0,High,london,2015-12-11 13:00:00,1061.4,1064.681,1063.678,1069.641,13,0.01186488403038775,1,1062.566,1061.18,1.3859999999999673,3.5216428571428326,3.0,3
22,Bullish,2015-12-03 12:00:00,1.6359999999999673,12,2015-12-17 14:00:00,338.0,High,london/NY,2015-12-17 14:00:00,1049.727,1050.489,1060.17,1061.294,14,0.00504991840535315,1,1051.129,1049.499,1.6299999999998818,3.946928571428576,4.0,3
23,Bullish,2016-01-13 14:00:00,0.7180000000000746,14,2016-01-14 15:00:00,25.0,High,london/NY,2016-01-14 15:00:00,1081.471,1082.402,1088.162,1088.839,15,-0.0017412672006184248,0,1082.908,1080.459,2.4489999999998417,3.572928571428601,4.0,3
24,Bullish,2016-01-04 13:00:00,1.5049999999998818,13,2016-01-14 18:00:00,245.0,High,NY,2016-01-14 18:00:00,1071.341,1073.041,1077.838,1077.94,18,0.007822669371075517,1,1073.023,1071.13,1.8929999999998017,4.157785714285751,5.0,3
25,Bullish,2016-01-05 00:00:00,0.4250000000001819,0,2016-01-14 18:00:00,234.0,High,NY,2016-01-14 18:00:00,1071.341,1073.041,1077.838,1077.94,18,0.006633949554778641,1,1073.806,1072.879,0.9270000000001346,4.157785714285751,5.0,3
26,Bullish,2016-02-12 05:00:00,5.731999999999971,5,2016-02-12 16:00:00,11.0,High,london/NY,2016-02-12 16:00:00,1232.996,1237.258,1237.799,1238.341,16,-0.010594885577100309,0,1234.442,1232.503,1.9390000000000782,5.906499999999986,4.0,3
27,Bullish,2016-02-11 08:00:00,0.0860000000000127,8,2016-02-15 08:00:00,96.0,High,asian,2016-02-15 08:00:00,1206.967,1209.651,1212.007,1214.484,8,0.00018753920003973287,1,1208.983,1206.512,2.4710000000000036,4.940499999999978,1.0,3
28,Bullish,2016-02-23 03:00:00,0.5650000000000546,3,2016-02-26 16:00:00,85.0,Medium,london/NY,2016-02-26 16:00:00,1211.306,1218.706,1216.887,1219.164,16,0.006899364834086889,1,1217.307,1214.656,2.6510000000000673,5.218642857142852,4.0,2
29,Bullish,2016-02-29 01:00:00,0.1369999999999436,1,2016-03-23 12:00:00,563.0,Medium,london,2016-03-23 12:00:00,1219.968,1223.315,1231.539,1232.103,12,0.0004298149094194662,1,1222.378,1220.534,1.8439999999998236,4.297642857142786,3.0,2
30,Bullish,2016-04-10 22:00:00,0.2080000000000836,22,2016-04-13 10:00:00,60.0,Medium,london,2016-04-13 10:00:00,1239.425,1241.06,1244.941,1245.235,10,0.0021075894999615496,1,1240.64,1238.97,1.6700000000000728,3.14692857142854,3.0,2
31,Bullish,2016-04-21 05:00:00,4.977000000000089,5,2016-04-21 17:00:00,12.0,High,london/NY,2016-04-21 17:00:00,1247.383,1248.193,1251.119,1251.191,17,-0.0002692989571077394,0,1248.556,1246.812,1.7440000000001419,6.26528571428571,4.0,3
32,Bullish,2016-04-27 00:00:00,0.8980000000001382,0,2016-04-27 18:00:00,18.0,High,NY,2016-04-27 18:00:00,1238.949,1246.872,1249.422,1252.757,18,0.008476884607105696,1,1243.245,1242.22,1.0249999999998636,4.2317857142856905,5.0,3
33,Bullish,2016-05-06 12:00:00,2.721000000000004,12,2016-05-09 05:00:00,65.0,Medium,asian,2016-05-09 05:00:00,1278.4,1280.592,1284.658,1284.819,5,-0.012436920186047995,0,1281.823,1279.02,2.803000000000111,3.725642857142881,1.0,2
34,Bullish,2016-06-17 10:00:00,0.41599999999994,10,2016-06-19 22:00:00,60.0,High,NY,2016-06-19 22:00:00,1277.769,1289.921,1288.058,1291.793,22,0.0022943544715395485,1,1285.691,1284.095,1.5960000000000036,4.799071428571405,5.0,3
35,Bullish,2016-06-26 22:00:00,2.877999999999929,22,2016-06-28 03:00:00,29.0,Low,asian,2016-06-28 03:00:00,1315.852,1317.535,1319.903,1320.074,3,-0.004010089805345616,0,1319.291,1313.069,6.22199999999998,4.372928571428555,1.0,1
36,Bullish,2016-07-04 01:00:00,3.325000000000045,1,2016-07-05 01:00:00,24.0,Low,asian,2016-07-05 01:00:00,1337.809,1342.69,1351.793,1352.126,1,0.005159857212529619,1,1343.664,1340.325,3.338999999999942,4.316714285714284,1.0,1
37,Bullish,2016-07-06 22:00:00,0.3820000000000618,22,2016-07-07 09:00:00,11.0,Low,asian/london,2016-07-07 09:00:00,1363.655,1366.161,1367.355,1367.816,9,-0.0034841621493792644,0,1364.336,1363.149,1.1870000000001255,2.925642857142878,2.0,1
38,Bullish,2016-07-01 05:00:00,1.7949999999998454,5,2016-07-13 01:00:00,284.0,High,asian,2016-07-13 01:00:00,1327.357,1330.935,1332.132,1333.063,1,0.007918336446413012,1,1330.869,1329.412,1.45699999999988,5.103928571428583,1.0,3
39,Bullish,2016-07-01 01:00:00,0.2480000000000473,1,2016-07-14 11:00:00,322.0,Medium,london,2016-07-14 11:00:00,1321.406,1324.752,1329.212,1330.013,11,0.009019530276447965,1,1323.152,1320.999,2.15300000000002,4.582071428571453,3.0,2
40,Bullish,2016-07-15 20:00:00,0.6100000000001273,20,2016-07-18 09:00:00,61.0,Medium,asian/london,2016-07-18 09:00:00,1326.053,1327.98,1328.383,1328.578,9,0.0024131532295793567,1,1329.015,1325.603,3.4120000000000346,4.618571428571419,2.0,2
41,Bullish,2016-07-29 12:00:00,3.189000000000078,12,2016-08-05 19:00:00,175.0,High,NY,2016-08-05 19:00:00,1334.489,1336.505,1338.722,1339.014,19,-0.0007912050367393661,0,1335.506,1333.84,1.6660000000001673,4.520499999999954,5.0,3
42,Bullish,2016-08-15 22:00:00,0.1880000000001018,22,2016-08-17 18:00:00,44.0,High,NY,2016-08-17 18:00:00,1333.02,1345.958,1343.395,1351.661,18,0.01033622022727278,1,1339.602,1338.94,0.6620000000000346,4.010142857142877,5.0,3
43,Bullish,2016-09-12 17:00:00,2.37299999999982,17,2016-09-13 17:00:00,24.0,Medium,london/NY,2016-09-13 17:00:00,1318.354,1320.775,1323.087,1323.633,17,-0.0011355641128452474,0,1322.871,1320.749,2.122000000000071,2.697642857142877,4.0,2
44,Bullish,2016-09-19 01:00:00,1.51299999999992,1,2016-09-21 04:00:00,51.0,Medium,asian,2016-09-21 04:00:00,1307.154,1311.53,1315.171,1319.43,4,0.011892527243133949,1,1311.065,1309.32,1.7450000000001182,2.380714285714313,1.0,2
45,Bullish,2016-09-21 11:00:00,4.244000000000142,11,2016-09-28 15:00:00,172.0,Low,london/NY,2016-09-28 15:00:00,1317.831,1321.391,1320.62,1322.264,15,0.0033322579228219464,1,1321.105,1319.747,1.3579999999999472,1.9762857142856904,4.0,1
46,Bullish,2016-06-08 01:00:00,0.183999999999969,1,2016-10-07 15:00:00,2918.0,High,london/NY,2016-10-07 15:00:00,1240.951,1246.139,1256.003,1256.637,15,0.01481751830685416,1,1244.911,1242.955,1.956000000000131,4.877642857142827,4.0,3
47,Bullish,2016-10-13 01:00:00,2.735000000000128,1,2016-10-13 12:00:00,11.0,Low,london,2016-10-13 12:00:00,1253.099,1256.687,1258.524,1259.481,12,0.002583214648506253,1,1254.329,1253.012,1.3170000000000073,2.618499999999991,3.0,1
48,Bullish,2016-06-03 12:00:00,2.498000000000048,12,2016-11-14 15:00:00,3939.0,High,london/NY,2016-11-14 15:00:00,1211.33,1212.602,1212.663,1216.37,15,0.010564273734546258,1,1212.578,1211.157,1.4210000000000491,5.341071428571435,4.0,3
49,Bullish,2016-11-16 23:00:00,0.6159999999999854,23,2016-11-17 13:00:00,14.0,Low,london,2016-11-17 13:00:00,1222.482,1224.443,1228.478,1229.964,13,-0.008933926179469837,0,1225.363,1224.064,1.2989999999999782,3.004571428571499,3.0,1
50,Bullish,2016-12-21 01:00:00,1.0119999999999436,1,2016-12-21 15:00:00,14.0,Low,london/NY,2016-12-21 15:00:00,1130.678,1130.96,1134.769,1134.839,15,-1.3697328799936845e-05,0,1132.456,1130.759,1.696999999999889,2.3347857142856583,4.0,1
51,Bullish,2017-01-31 14:00:00,0.2880000000000109,14,2017-02-01 14:00:00,24.0,Low,london/NY,2017-02-01 14:00:00,1202.469,1205.403,1205.629,1206.064,14,0.007111838117459546,1,1205.571,1203.089,2.481999999999971,2.4967857142857093,4.0,1
52,Bullish,2017-02-06 11:00:00,2.5090000000000146,11,2017-02-10 01:00:00,86.0,High,asian,2017-02-10 01:00:00,1222.12,1225.101,1225.531,1226.323,1,0.0035341036915839544,1,1223.078,1221.672,1.405999999999949,4.534571428571488,1.0,3
53,Bullish,2017-03-10 13:00:00,0.0749999999998181,13,2017-03-14 19:00:00,102.0,Medium,NY,2017-03-14 19:00:00,1197.092,1198.666,1201.591,1201.692,19,0.005048738816864054,1,1199.227,1197.015,2.211999999999989,2.5046428571428287,5.0,2
54,Bullish,2017-03-21 13:00:00,1.6479999999999109,13,2017-05-04 11:00:00,1054.0,Low,london,2017-05-04 11:00:00,1232.389,1234.29,1233.513,1234.815,11,-0.0036388064714774587,0,1233.755,1231.339,2.4160000000001673,2.0169285714285285,3.0,1
55,Bullish,2017-05-29 06:00:00,0.0399999999999636,6,2017-05-29 22:00:00,16.0,Low,NY,2017-05-29 22:00:00,1265.498,1266.997,1266.426,1267.649,22,-0.0014097129976010413,0,1266.197,1265.524,0.6730000000000018,1.299999999999987,5.0,1
56,Bullish,2017-06-02 12:00:00,1.2339999999999236,12,2017-06-13 01:00:00,253.0,Medium,asian,2017-06-13 01:00:00,1262.394,1265.276,1265.077,1265.686,1,0.001165898113811283,1,1263.306,1261.786,1.5199999999999818,2.3780714285714373,1.0,2
57,Bullish,2017-05-16 14:00:00,1.4190000000000964,14,2017-06-26 08:00:00,978.0,High,asian,2017-06-26 08:00:00,1234.649,1242.463,1253.787,1253.893,8,0.006270314746719424,1,1235.733,1233.84,1.893000000000029,2.643428571428558,1.0,3
58,Bullish,2017-07-19 11:00:00,1.2609999999999673,11,2017-07-20 00:00:00,13.0,Low,asian,2017-07-20 00:00:00,1239.626,1240.433,1241.393,1242.033,0,-0.0023613431787831455,0,1240.249,1239.272,0.9770000000000891,1.9452142857143144,1.0,1
59,Bullish,2017-07-31 18:00:00,0.1430000000000291,18,2017-08-01 09:00:00,15.0,Low,asian/london,2017-08-01 09:00:00,1266.494,1267.425,1268.528,1268.692,9,0.0011258640237132899,1,1268.021,1266.921,1.099999999999909,1.704714285714301,2.0,1
60,Bullish,2017-08-03 11:00:00,1.0960000000000036,11,2017-08-04 12:00:00,25.0,Medium,london,2017-08-04 12:00:00,1260.465,1261.876,1267.812,1269.519,12,-0.004261075092885564,0,1263.667,1261.752,1.9149999999999636,1.9830000000000283,3.0,2
61,Bullish,2017-08-28 14:00:00,2.36200000000008,14,2017-08-31 01:00:00,59.0,High,asian,2017-08-31 01:00:00,1296.626,1302.948,1307.298,1307.919,1,0.0063358566347782195,1,1299.355,1296.979,2.3759999999999764,3.204214285714248,1.0,3
62,Bullish,2017-09-14 17:00:00,2.147999999999911,17,2017-09-15 07:00:00,14.0,Medium,asian,2017-09-15 07:00:00,1324.834,1327.252,1329.85,1329.918,7,-0.0024994575011086026,0,1325.41,1324.365,1.0450000000000728,2.9245714285713933,1.0,2
63,Bullish,2017-10-13 12:00:00,1.066000000000031,12,2017-10-16 19:00:00,79.0,High,NY,2017-10-16 19:00:00,1289.981,1294.521,1295.42,1295.42,19,-0.0023745931299642667,0,1293.584,1291.701,1.8830000000000382,2.738500000000012,5.0,3
64,Bullish,2017-10-09 01:00:00,3.5170000000000528,1,2017-10-19 02:00:00,241.0,Medium,asian,2017-10-19 02:00:00,1275.877,1277.498,1278.354,1278.798,2,0.006838012121021964,1,1276.584,1275.181,1.40300000000002,2.0462857142857405,1.0,2
65,Bullish,2017-10-23 15:00:00,2.063999999999851,15,2017-10-24 14:00:00,23.0,Medium,london/NY,2017-10-24 14:00:00,1273.54,1274.263,1276.433,1278.027,14,0.0005343418610945083,1,1275.265,1273.665,1.6000000000001364,2.380714285714297,4.0,2
66,Bullish,2017-10-25 22:00:00,0.3110000000001491,22,2017-10-26 09:00:00,11.0,Low,asian/london,2017-10-26 09:00:00,1276.958,1277.772,1277.948,1278.118,9,-0.008158559715325297,0,1277.64,1276.855,0.7850000000000819,1.758499999999961,2.0,1
67,Bullish,2017-11-13 05:00:00,0.2059999999999036,5,2017-11-14 03:00:00,22.0,Low,asian,2017-11-14 03:00:00,1275.343,1276.233,1276.587,1276.695,3,-0.003272671254704356,0,1275.875,1275.252,0.6230000000000473,1.465428571428593,1.0,1
68,Bullish,2017-11-21 14:00:00,0.862999999999829,14,2017-11-30 13:00:00,215.0,Medium,london,2017-11-30 13:00:00,1276.263,1277.774,1280.448,1281.124,13,-0.0014129324414768577,0,1278.84,1276.13,2.709999999999809,2.01428571428575,3.0,2
69,Bullish,2017-12-01 16:00:00,0.25,16,2017-12-04 06:00:00,62.0,High,asian,2017-12-04 06:00:00,1273.649,1274.858,1274.433,1274.957,6,0.00015269998300267398,1,1276.107,1271.372,4.7349999999999,3.464642857142881,1.0,3
70,Bullish,2017-08-08 19:00:00,0.2789999999999963,19,2017-12-07 10:00:00,2895.0,Medium,london,2017-12-07 10:00:00,1254.669,1255.811,1256.419,1256.974,10,-0.006208949709736777,0,1256.513,1255.345,1.1679999999998927,2.1252142857142644,3.0,2
71,Bullish,2017-12-20 23:00:00,0.12700000000018,23,2017-12-21 10:00:00,11.0,Low,london,2017-12-21 10:00:00,1265.011,1265.483,1265.3,1265.922,10,0.0018685605207308512,1,1265.488,1264.802,0.6860000000001492,1.2686428571428547,3.0,1
72,Bullish,2018-01-24 08:00:00,1.6109999999998763,8,2018-01-25 19:00:00,35.0,High,NY,2018-01-25 19:00:00,1341.931,1347.752,1360.448,1361.047,19,0.008139173008798836,1,1343.853,1342.415,1.4380000000001019,4.895785714285678,5.0,3
73,Bullish,2018-01-31 05:00:00,1.2180000000000746,5,2018-01-31 16:00:00,11.0,Medium,london/NY,2018-01-31 16:00:00,1340.211,1341.361,1342.422,1343.117,16,0.0023601625152193835,1,1341.33,1340.265,1.0649999999998272,2.578785714285736,4.0,2
74,Bullish,2018-01-19 01:00:00,0.9790000000000418,1,2018-02-02 15:00:00,350.0,Medium,london/NY,2018-02-02 15:00:00,1327.302,1330.17,1331.689,1331.868,15,0.002580029890682199,1,1328.36,1326.648,1.711999999999989,3.055071428571458,4.0,2
75,Bullish,2018-02-28 09:00:00,1.31899999999996,9,2018-02-28 20:00:00,11.0,Medium,NY,2018-02-28 20:00:00,1317.158,1317.366,1318.174,1318.765,20,-0.0032989925436848846,0,1318.492,1316.858,1.6340000000000146,2.6382142857142656,5.0,2
76,Bullish,2018-03-26 13:00:00,0.9500000000000456,13,2018-03-27 10:00:00,21.0,Medium,london,2018-03-27 10:00:00,1347.965,1348.391,1348.514,1349.267,10,-0.0028686322205809904,0,1349.252,1347.155,2.09699999999998,2.468928571428608,3.0,2
77,Bullish,2018-03-23 12:00:00,0.2000000000000454,12,2018-03-27 12:00:00,96.0,High,london,2018-03-27 12:00:00,1339.194,1342.461,1345.692,1345.905,12,0.0028766992578281043,1,1342.865,1340.071,2.7940000000000964,2.942928571428621,3.0,3
78,Bullish,2018-04-04 07:00:00,2.582000000000108,7,2018-04-04 18:00:00,11.0,High,NY,2018-04-04 18:00:00,1332.068,1333.467,1336.025,1336.132,18,-0.003878082704695547,0,1334.649,1333.422,1.2269999999998618,4.18771428571428,5.0,3
79,Bullish,2018-04-02 01:00:00,0.0679999999999836,1,2018-04-05 06:00:00,77.0,Low,asian,2018-04-05 06:00:00,1325.81,1326.375,1328.722,1329.068,6,-0.0010480757630595518,0,1326.865,1325.615,1.25,2.172142857142863,1.0,1
80,Bullish,2018-04-12 22:00:00,0.4149999999999636,22,2018-04-13 11:00:00,13.0,Medium,london,2018-04-13 11:00:00,1332.201,1336.407,1338.866,1339.376,11,0.005316288454711151,1,1335.798,1334.486,1.3119999999998981,2.538285714285686,3.0,2
81,Bullish,2018-04-06 12:00:00,3.115999999999985,12,2018-04-23 13:00:00,409.0,Low,london,2018-04-23 13:00:00,1323.292,1324.543,1325.51,1326.584,13,0.0018572669915751135,1,1324.473,1322.427,2.046000000000049,2.4214285714285944,3.0,1
82,Bullish,2018-05-03 00:00:00,1.130999999999858,0,2018-05-09 07:00:00,151.0,Medium,asian,2018-05-09 07:00:00,1303.902,1306.139,1307.992,1308.128,7,0.005451960603755161,1,1306.433,1305.288,1.1449999999999818,2.627214285714266,1.0,2
83,Bullish,2017-12-29 13:00:00,1.8789999999999047,13,2018-05-15 12:00:00,3287.0,Medium,london,2018-05-15 12:00:00,1296.375,1297.322,1306.816,1307.036,12,-0.0031928337421076067,0,1297.633,1296.301,1.3320000000001073,2.304928571428588,3.0,2
84,Bullish,2017-12-27 07:00:00,0.69399999999996,7,2018-05-21 07:00:00,3480.0,Medium,asian,2018-05-21 07:00:00,1281.827,1282.645,1283.319,1284.008,7,0.0072306295128071706,1,1282.591,1281.916,0.6749999999999545,2.0731428571428165,1.0,2
85,Bullish,2017-07-14 05:00:00,0.07100000000014,5,2018-07-19 09:00:00,8884.0,Medium,asian/london,2018-07-19 09:00:00,1216.124,1217.175,1218.401,1218.949,9,0.004997170366150778,1,1216.92,1216.257,0.6630000000000109,2.2231428571428427,2.0,2
86,Bullish,2018-07-24 07:00:00,0.3959999999999581,7,2018-07-27 08:00:00,73.0,Medium,asian,2018-07-27 08:00:00,1218.402,1219.241,1224.136,1224.263,8,0.0026264730611263347,1,1220.71,1218.683,2.0270000000000437,2.1745714285714093,1.0,2
87,Bullish,2017-01-09 08:00:00,1.9700000000000275,8,2018-08-15 19:00:00,14003.0,High,NY,2018-08-15 19:00:00,1172.858,1174.543,1176.752,1177.619,19,0.0009144945468949714,1,1174.636,1173.109,1.5270000000000437,3.4768571428571056,5.0,3
88,Bullish,2018-10-04 11:00:00,1.2739999999998872,11,2018-10-04 23:00:00,12.0,High,Closing,2018-10-04 23:00:00,1198.51,1198.97,1199.662,1200.338,23,0.0024030329688114463,1,1199.536,1197.851,1.6849999999999454,2.726642857142857,,3
89,Bullish,2018-10-17 08:00:00,0.6279999999999291,8,2018-10-17 19:00:00,11.0,Medium,NY,2018-10-17 19:00:00,1222.595,1223.502,1222.668,1223.502,19,-0.001767249698234597,0,1223.957,1221.651,2.30600000000004,2.628714285714296,5.0,2
90,Bullish,2018-10-26 07:00:00,0.915000000000191,7,2018-10-26 20:00:00,13.0,High,NY,2018-10-26 20:00:00,1231.512,1232.652,1233.998,1234.143,20,-0.0012432935593010657,0,1233.44,1230.982,2.4580000000000837,4.204214285714296,5.0,3
91,Bullish,2018-11-01 06:00:00,2.2660000000000764,6,2018-11-09 04:00:00,190.0,Medium,asian,2018-11-09 04:00:00,1217.738,1218.946,1218.282,1219.06,4,-0.006174195140032916,0,1218.69,1217.417,1.2730000000001382,2.398071428571419,1.0,2
92,Bullish,2018-12-07 13:00:00,0.3279999999999745,13,2018-12-11 18:00:00,101.0,High,NY,2018-12-11 18:00:00,1240.468,1243.064,1244.296,1244.304,18,0.002512541551634309,1,1241.439,1240.112,1.3269999999999982,2.329571428571464,5.0,3
93,Bullish,2019-01-30 19:00:00,1.0769999999999982,19,2019-02-04 12:00:00,113.0,Low,london,2019-02-04 12:00:00,1309.716,1311.128,1310.809,1311.21,12,0.0010317751645918644,1,1311.724,1309.002,2.72199999999998,1.479857142857132,3.0,1
94,Bullish,2019-02-13 23:00:00,0.23700000000008,23,2019-02-14 10:00:00,11.0,Medium,london,2019-02-14 10:00:00,1305.525,1306.296,1305.886,1306.566,10,0.005342551733830566,1,1306.126,1305.173,0.9529999999999745,1.579714285714252,3.0,2
95,Bullish,2019-02-19 07:00:00,2.617000000000189,7,2019-02-21 21:00:00,62.0,High,NY,2019-02-21 21:00:00,1320.438,1323.125,1323.663,1323.684,21,0.0020869838549660855,1,1324.042,1322.84,1.2019999999999982,3.2724999999999715,5.0,3
96,Bullish,2019-01-25 13:00:00,5.212999999999965,13,2019-03-04 14:00:00,913.0,High,london/NY,2019-03-04 14:00:00,1282.798,1286.079,1286.863,1288.165,14,0.002298886367440515,1,1285.08,1283.99,1.0899999999999181,2.68599999999997,4.0,3
97,Bullish,2019-03-05 18:00:00,0.5789999999999509,18,2019-03-07 08:00:00,38.0,Low,asian,2019-03-07 08:00:00,1280.09,1286.415,1284.325,1286.94,8,0.0023220915112142845,1,1283.785,1282.436,1.34900000000016,1.8475000000000328,1.0,1
98,Bullish,2019-03-13 08:00:00,1.1449999999999818,8,2019-03-14 03:00:00,19.0,Medium,asian,2019-03-14 03:00:00,1304.121,1304.184,1305.316,1305.862,3,-0.007568565330091437,0,1305.015,1304.066,0.9490000000000691,1.9533571428571253,1.0,2
99,Bullish,2019-03-18 06:00:00,0.4279999999998836,6,2019-03-20 15:00:00,57.0,High,london/NY,2019-03-20 15:00:00,1298.561,1300.531,1303.487,1304.066,15,0.014740740997317843,1,1299.844,1298.465,1.3790000000001328,2.26964285714288,4.0,3
100,Bullish,2019-03-25 00:00:00,1.0190000000000057,0,2019-03-27 13:00:00,61.0,High,london,2019-03-27 13:00:00,1308.717,1312.446,1315.048,1316.778,13,-0.0012213902202657721,0,1312.468,1311.591,0.8770000000001801,2.603785714285664,3.0,3
101,Bullish,2019-04-18 07:00:00,0.706000000000131,7,2019-04-23 11:00:00,124.0,Low,london,2019-04-23 11:00:00,1271.409,1272.016,1273.025,1273.025,11,-0.00023628476993298427,0,1272.428,1271.113,1.3150000000000546,1.2542857142857269,3.0,1
102,Bullish,2019-04-26 06:00:00,0.0190000000000054,6,2019-04-29 11:00:00,77.0,Low,london,2019-04-29 11:00:00,1279.837,1281.227,1281.081,1281.273,11,0.00016640104996716153,1,1280.385,1279.695,0.6900000000000546,1.32621428571427,3.0,1
103,Bullish,2019-05-23 12:00:00,0.7210000000000036,12,2019-05-28 12:00:00,120.0,Medium,london,2019-05-28 12:00:00,1276.8,1279.154,1282.546,1282.786,12,0.002105376892999133,1,1277.814,1276.598,1.2160000000001219,1.7597142857142831,3.0,2
104,Bullish,2019-05-29 04:00:00,0.1110000000001036,4,2019-05-29 15:00:00,11.0,High,london/NY,2019-05-29 15:00:00,1279.598,1283.027,1282.11,1283.375,15,-0.0012059870400344893,0,1280.306,1279.423,0.8830000000000382,2.138714285714254,4.0,3
105,Bullish,2019-05-29 06:00:00,1.038000000000011,6,2019-05-29 17:00:00,11.0,High,london/NY,2019-05-29 17:00:00,1280.281,1281.469,1282.34,1282.404,17,-0.0025930314426528818,0,1281.593,1280.659,0.9339999999999691,2.283857142857105,4.0,3
106,Bullish,2019-06-23 22:00:00,1.571999999999889,22,2019-06-27 12:00:00,86.0,Medium,london,2019-06-27 12:00:00,1398.355,1401.008,1405.0,1407.072,12,0.008727037732571377,1,1399.565,1398.177,1.3880000000001473,3.6144285714286095,3.0,2
107,Bullish,2019-08-28 17:00:00,1.1480000000001382,17,2019-08-29 09:00:00,16.0,Medium,asian/london,2019-08-29 09:00:00,1536.67,1538.617,1539.721,1539.733,9,-0.005624658461058029,0,1538.148,1536.172,1.9759999999998854,3.597714285714265,2.0,2
108,Bullish,2019-08-28 05:00:00,0.8679999999999382,5,2019-08-29 10:00:00,29.0,Medium,london,2019-08-29 10:00:00,1535.11,1536.33,1538.577,1540.171,10,-0.005495188860895894,0,1536.134,1535.28,0.8540000000000418,3.6869999999999794,3.0,2
109,Bullish,2019-08-27 05:00:00,1.332000000000107,5,2019-08-29 16:00:00,59.0,High,london/NY,2019-08-29 16:00:00,1524.619,1528.432,1536.5,1537.205,16,-0.0025709447256698327,0,1528.977,1527.487,1.490000000000009,5.418142857142844,4.0,3
110,Bullish,2019-09-02 09:00:00,1.538000000000011,9,2019-09-03 03:00:00,18.0,Low,asian,2019-09-03 03:00:00,1521.548,1523.41,1522.573,1524.397,3,0.00959469185917985,1,1523.049,1521.03,2.0190000000000055,3.08978571428567,1.0,1
111,Bullish,2019-09-06 12:00:00,7.891000000000076,12,2019-09-08 23:00:00,59.0,High,Closing,2019-09-08 23:00:00,1504.57,1505.792,1506.732,1507.57,23,0.0022544743295769033,1,1507.402,1503.943,3.45900000000006,6.514714285714327,,3
112,Bullish,2019-09-23 01:00:00,0.665000000000191,1,2019-09-25 14:00:00,61.0,Medium,london/NY,2019-09-25 14:00:00,1514.164,1517.83,1528.0,1530.37,14,-0.0038700142735873275,0,1514.87,1513.801,1.06899999999996,3.70007142857144,4.0,2
113,Bullish,2019-10-09 22:00:00,4.007999999999811,22,2019-10-10 10:00:00,12.0,Medium,london,2019-10-10 10:00:00,1505.361,1506.447,1508.32,1509.052,10,-0.008487433512448237,0,1507.409,1504.809,2.6000000000001364,4.10971428571429,3.0,2
114,Bullish,2019-11-27 23:00:00,0.7889999999999873,23,2019-11-28 15:00:00,16.0,Low,london/NY,2019-11-28 15:00:00,1454.151,1455.627,1455.644,1455.644,15,0.0021431503416184322,1,1455.004,1453.798,1.2059999999999036,1.3042857142857136,4.0,1
115,Bullish,2020-01-14 23:00:00,0.5330000000001291,23,2020-01-21 14:00:00,159.0,High,london/NY,2020-01-21 14:00:00,1546.207,1552.279,1553.2,1553.32,14,0.005295295664246215,1,1547.025,1545.909,1.1159999999999854,4.509499999999938,4.0,3
116,Bullish,2020-01-29 19:00:00,0.252999999999929,19,2020-02-03 15:00:00,116.0,High,london/NY,2020-02-03 15:00:00,1568.413,1575.574,1574.162,1576.222,15,0.0037208638974965814,1,1571.331,1569.875,1.4559999999999036,3.98285714285711,4.0,3
117,Bullish,2020-02-23 23:00:00,2.663000000000011,23,2020-02-25 00:00:00,25.0,High,asian,2020-02-25 00:00:00,1642.663,1647.18,1653.868,1654.722,0,0.005962858484271073,1,1644.039,1642.472,1.5670000000000073,8.733714285714298,1.0,3
118,Bullish,2020-02-14 13:00:00,2.354999999999791,13,2020-02-28 15:00:00,338.0,High,london/NY,2020-02-28 15:00:00,1570.703,1583.538,1615.564,1616.84,15,0.012256008477143868,1,1576.752,1575.253,1.4990000000000236,12.73557142857143,4.0,3
119,Bullish,2020-02-12 23:00:00,1.2459999999998672,23,2020-02-28 18:00:00,379.0,High,NY,2020-02-28 18:00:00,1562.586,1574.003,1583.481,1583.481,18,0.02402054799768102,1,1567.101,1565.467,1.6340000000000146,14.684785714285695,5.0,3
120,Bullish,2020-03-19 06:00:00,6.9509999999997945,6,2020-03-19 17:00:00,11.0,Medium,london/NY,2020-03-19 17:00:00,1468.528,1471.705,1473.295,1480.104,17,0.0067761710031240124,1,1475.432,1468.561,6.871000000000095,12.952214285714296,4.0,2
121,Bullish,2020-05-07 15:00:00,6.595000000000027,15,2020-05-11 10:00:00,91.0,Low,london,2020-05-11 10:00:00,1693.151,1699.202,1700.652,1701.385,10,-0.0005717195858287191,0,1700.23,1694.791,5.439000000000078,5.244714285714281,3.0,1
122,Bullish,2020-05-20 01:00:00,1.75,1,2020-05-20 12:00:00,11.0,Low,london,2020-05-20 12:00:00,1740.713,1746.903,1751.149,1753.03,12,0.0012811128428265991,1,1745.65,1743.504,2.1460000000001855,4.268142857142915,3.0,1
123,Bullish,2020-06-10 18:00:00,10.327999999999976,18,2020-06-15 09:00:00,111.0,Medium,asian/london,2020-06-15 09:00:00,1711.531,1713.878,1720.57,1722.72,9,0.007509722878263814,1,1714.852,1710.574,4.27800000000002,5.338571428571446,2.0,2
124,Bullish,2020-06-22 12:00:00,3.05600000000004,12,2020-06-23 02:00:00,14.0,High,asian,2020-06-23 02:00:00,1746.122,1750.11,1754.688,1754.844,2,0.006542672138539376,1,1748.45,1746.758,1.6920000000000073,6.90285714285715,1.0,3
125,Bullish,2020-06-28 22:00:00,2.838999999999942,22,2020-06-29 09:00:00,11.0,Medium,asian/london,2020-06-29 09:00:00,1767.034,1769.259,1770.934,1771.117,9,0.001070849553831512,1,1771.096,1768.15,2.9459999999999127,4.339499999999979,2.0,2
126,Bullish,2020-08-05 06:00:00,0.211999999999989,6,2020-08-07 14:00:00,56.0,High,london/NY,2020-08-07 14:00:00,2022.36,2038.764,2046.102,2046.298,14,0.0034811656999782265,1,2025.6,2021.033,4.567000000000007,12.312357142857095,4.0,3
127,Bullish,2020-08-05 04:00:00,1.3010000000001585,4,2020-08-11 04:00:00,144.0,Medium,asian,2020-08-11 04:00:00,2012.072,2018.593,2020.11,2021.223,4,-0.031695570745254885,0,2015.72,2011.278,4.442000000000007,7.960428571428565,1.0,2
128,Bullish,2020-07-26 22:00:00,7.069999999999936,22,2020-08-11 20:00:00,382.0,High,NY,2020-08-11 20:00:00,1900.685,1911.765,1916.101,1916.966,20,0.01852832297728247,1,1902.238,1899.887,2.3510000000001128,17.143999999999973,5.0,3
129,Bullish,2020-09-14 12:00:00,2.3230000000000928,12,2020-09-17 02:00:00,62.0,High,asian,2020-09-17 02:00:00,1942.242,1946.534,1944.235,1948.56,2,0.0003562823073911999,1,1944.871,1939.689,5.182000000000016,7.45499999999996,1.0,3
130,Bullish,2020-09-14 01:00:00,1.4329999999999927,1,2020-09-17 03:00:00,74.0,High,asian,2020-09-17 03:00:00,1937.371,1939.75,1946.602,1946.602,3,-0.0006438752015329381,0,1943.164,1939.576,3.5879999999999654,7.574928571428537,1.0,3
131,Bullish,2020-08-12 06:00:00,22.853000000000065,6,2020-09-23 06:00:00,1008.0,Medium,asian,2020-09-23 06:00:00,1874.173,1881.165,1884.832,1885.212,6,-0.006309899921755223,0,1883.556,1872.605,10.951000000000022,6.390142857142824,1.0,2
132,Bullish,2020-09-30 12:00:00,9.740000000000007,12,2020-10-01 00:00:00,12.0,High,asian,2020-10-01 00:00:00,1884.341,1884.949,1887.348,1888.028,0,0.006141027406328012,1,1886.619,1882.62,3.9990000000000236,7.584571428571443,1.0,3
133,Bullish,2020-10-02 05:00:00,7.313000000000102,5,2020-10-05 03:00:00,70.0,Medium,asian,2020-10-05 03:00:00,1891.623,1892.525,1899.178,1899.244,3,0.008468274415730746,1,1895.46,1890.081,5.379000000000133,6.147285714285707,1.0,2
134,Bullish,2020-10-09 00:00:00,7.33400000000006,0,2020-10-13 13:00:00,109.0,High,london,2020-10-13 13:00:00,1892.957,1895.698,1909.246,1909.453,13,-0.0023291517968176078,0,1896.562,1894.947,1.615000000000009,6.229857142857148,3.0,3
135,Bullish,2020-12-18 11:00:00,0.9819999999999708,11,2020-12-21 09:00:00,70.0,High,asian/london,2020-12-21 09:00:00,1879.045,1886.37,1896.376,1898.463,9,-0.0006545404620417183,0,1880.484,1877.878,2.6059999999999945,6.761928571428598,2.0,3
136,Bullish,2021-01-28 13:00:00,2.5629999999998745,13,2021-01-29 01:00:00,12.0,High,asian,2021-01-29 01:00:00,1839.428,1842.969,1840.577,1844.296,1,0.011690741540152547,1,1842.279,1838.668,3.6110000000001037,7.661142857142928,1.0,3
137,Bullish,2021-02-10 13:00:00,9.705000000000156,13,2021-02-11 01:00:00,12.0,Medium,asian,2021-02-11 01:00:00,1837.35,1838.737,1839.653,1841.124,1,0.0011812620205505899,1,1841.479,1837.637,3.8420000000000982,5.647857142857171,1.0,2
138,Bullish,2021-03-08 19:00:00,4.600000000000136,19,2021-03-30 12:00:00,521.0,High,london,2021-03-30 12:00:00,1678.605,1683.654,1688.212,1690.365,12,0.002398289765146041,1,1682.424,1680.389,2.035000000000082,5.252571428571449,3.0,3
139,Bullish,2021-04-28 18:00:00,0.1849999999999454,18,2021-04-29 10:00:00,16.0,Medium,london,2021-04-29 10:00:00,1772.018,1774.466,1774.67,1775.332,10,-0.0010205094202604078,0,1774.998,1772.25,2.7480000000000473,3.436785714285731,3.0,2
140,Bullish,2021-05-03 06:00:00,3.741999999999962,6,2021-05-04 16:00:00,34.0,High,london/NY,2021-05-04 16:00:00,1770.723,1775.917,1775.627,1778.431,16,0.005312018335740593,1,1774.347,1771.951,2.395999999999958,5.938642857142879,4.0,3
141,Bullish,2021-05-07 12:00:00,0.2750000000000909,12,2021-05-11 13:00:00,97.0,High,london,2021-05-11 13:00:00,1817.795,1829.155,1826.602,1830.018,13,0.0078077589690605164,1,1821.215,1818.882,2.3329999999998563,4.995285714285728,3.0,3
142,Bullish,2021-06-02 11:00:00,3.423999999999978,11,2021-06-03 06:00:00,19.0,Low,asian,2021-06-03 06:00:00,1895.231,1897.31,1901.3,1902.106,6,-0.01359376470640968,0,1897.436,1895.553,1.8829999999998108,2.575500000000001,1.0,1
143,Bullish,2021-05-19 12:00:00,16.47700000000009,12,2021-06-04 01:00:00,373.0,High,asian,2021-06-04 01:00:00,1853.54,1859.599,1869.279,1871.871,1,0.008600867822199694,1,1858.214,1851.993,6.221000000000004,6.309357142857185,1.0,3
144,Bullish,2021-06-10 12:00:00,2.313000000000102,12,2021-06-11 15:00:00,27.0,High,london/NY,2021-06-11 15:00:00,1875.067,1880.176,1883.53,1884.257,15,-0.006220206271646403,0,1879.933,1875.891,4.041999999999916,4.968285714285669,4.0,3
145,Bullish,2021-06-25 05:00:00,0.7970000000000255,5,2021-06-25 16:00:00,11.0,Low,london/NY,2021-06-25 16:00:00,1776.239,1777.041,1779.021,1779.151,16,0.0012192908527860595,1,1777.894,1775.811,2.0830000000000837,3.746642857142888,4.0,1
146,Bullish,2021-07-07 01:00:00,2.4179999999998927,1,2021-07-08 15:00:00,38.0,High,london/NY,2021-07-08 15:00:00,1793.808,1796.698,1801.561,1802.228,15,0.006383401318019846,1,1795.96,1793.819,2.1410000000000764,6.654857142857168,4.0,3
147,Bullish,2021-07-08 07:00:00,5.958999999999833,7,2021-07-08 19:00:00,12.0,High,NY,2021-07-08 19:00:00,1796.516,1802.187,1800.154,1802.791,19,0.0002463972056444489,1,1799.542,1796.278,3.2639999999998963,6.834214285714292,5.0,3
148,Bullish,2021-07-26 01:00:00,1.62299999999982,1,2021-07-26 13:00:00,12.0,Medium,london,2021-07-26 13:00:00,1799.232,1802.327,1803.11,1804.525,13,-0.0005940443304886778,0,1800.678,1798.38,2.298000000000002,3.7722142857143126,3.0,2
149,Bullish,2021-03-31 05:00:00,2.7740000000001146,5,2021-08-08 22:00:00,3137.0,High,NY,2021-08-08 22:00:00,1675.186,1690.64,1763.272,1764.463,22,0.04000483488884372,1,1680.37,1678.549,1.8209999999999127,12.548857142857123,5.0,3
150,Bullish,2021-08-18 01:00:00,1.3700000000001182,1,2021-08-18 13:00:00,12.0,Low,london,2021-08-18 13:00:00,1784.345,1785.92,1788.165,1790.554,13,-0.0008678937003795521,0,1786.811,1785.055,1.7559999999998581,3.4180714285714333,3.0,1
151,Bullish,2021-09-14 12:00:00,3.0989999999999327,12,2021-09-16 06:00:00,42.0,Low,asian,2021-09-16 06:00:00,1783.967,1785.665,1786.644,1787.17,6,-0.01695300753143335,0,1788.15,1781.954,6.19600000000014,2.622928571428539,1.0,1
152,Bullish,2021-09-27 12:00:00,2.1749999999999545,12,2021-09-28 01:00:00,13.0,Medium,asian,2021-09-28 01:00:00,1747.122,1752.902,1749.493,1753.104,1,-0.00827293598309736,0,1750.185,1747.485,2.7000000000000455,3.524142857142887,1.0,2
153,Bullish,2021-10-04 14:00:00,0.9149999999999636,14,2021-10-05 13:00:00,23.0,Medium,london,2021-10-05 13:00:00,1750.337,1752.927,1756.5,1757.087,13,0.003341291235233106,1,1755.07,1748.366,6.703999999999951,4.050785714285699,3.0,2
154,Bullish,2021-10-08 09:00:00,0.4169999999999163,9,2021-10-10 22:00:00,61.0,High,NY,2021-10-10 22:00:00,1749.719,1755.14,1756.079,1758.05,22,-0.0014988481680760207,0,1756.485,1754.878,1.606999999999971,5.845071428571422,5.0,3
155,Bullish,2021-12-13 01:00:00,0.9519999999999982,1,2021-12-13 13:00:00,12.0,Low,london,2021-12-13 13:00:00,1781.98,1783.08,1789.935,1790.13,13,0.0027754929886341178,1,1783.493,1782.36,1.1330000000000382,2.9820714285714303,3.0,1
156,Bullish,2021-12-23 01:00:00,0.3969999999999345,1,2021-12-23 12:00:00,11.0,Low,london,2021-12-23 12:00:00,1803.305,1805.092,1806.345,1806.345,12,0.001920376447004175,1,1804.545,1803.081,1.4640000000001692,2.230500000000039,3.0,1
157,Bullish,2022-01-31 13:00:00,1.990000000000009,13,2022-02-03 14:00:00,73.0,Medium,london/NY,2022-02-03 14:00:00,1788.56,1791.313,1802.455,1805.09,14,0.008781661976210327,1,1792.38,1790.427,1.953000000000202,3.550571428571451,4.0,2
158,Bullish,2022-03-01 08:00:00,3.744999999999891,8,2022-03-15 14:00:00,342.0,Medium,london/NY,2022-03-15 14:00:00,1906.927,1916.045,1922.809,1923.12,14,0.006746889030623301,1,1908.45,1906.197,2.2530000000001564,8.865285714285717,4.0,2
159,Bullish,2022-02-28 19:00:00,3.625,19,2022-03-16 18:00:00,383.0,Medium,NY,2022-03-16 18:00:00,1894.852,1916.182,1907.452,1918.386,18,0.01877615296902861,1,1900.354,1897.016,3.3379999999999654,8.484000000000005,5.0,2
160,Bullish,2022-03-17 01:00:00,0.6349999999999909,1,2022-03-18 03:00:00,26.0,Low,asian,2022-03-18 03:00:00,1926.311,1935.183,1933.73,1935.42,3,0.003597717932892915,1,1927.562,1925.436,2.1259999999999764,5.930857142857154,1.0,1
161,Bullish,2022-03-16 18:00:00,11.635999999999967,18,2022-03-29 09:00:00,303.0,Low,asian/london,2022-03-29 09:00:00,1909.304,1912.879,1913.5,1915.087,9,0.005235933894305088,1,1911.178,1907.434,3.744000000000142,5.051499999999984,2.0,1
162,Bullish,2022-05-11 06:00:00,4.608999999999924,6,2022-05-12 14:00:00,32.0,Medium,london/NY,2022-05-12 14:00:00,1835.662,1842.14,1839.087,1843.13,14,-0.008057858826313363,0,1839.455,1837.08,2.375,5.687642857142838,4.0,2
163,Bullish,2022-02-08 13:00:00,1.8379999999999648,13,2022-05-12 22:00:00,2241.0,High,NY,2022-05-12 22:00:00,1809.866,1819.154,1822.785,1823.522,22,0.002229033540010538,1,1818.91,1817.195,1.7150000000001455,7.270357142857149,5.0,3
164,Bullish,2022-06-01 12:00:00,1.2290000000000418,12,2022-06-10 12:00:00,216.0,High,london,2022-06-10 12:00:00,1824.977,1838.145,1834.818,1845.683,12,0.025172704591036384,1,1832.527,1829.217,3.3099999999999454,4.290714285714249,3.0,3
165,Bullish,2022-07-22 05:00:00,2.8199999999999363,5,2022-07-27 04:00:00,119.0,Low,asian,2022-07-27 04:00:00,1713.549,1714.89,1716.79,1717.16,4,0.001950906941213726,1,1714.096,1713.028,1.0679999999999836,2.807857142857156,1.0,1
166,Bullish,2022-08-03 01:00:00,0.6179999999999382,1,2022-08-03 14:00:00,13.0,High,london/NY,2022-08-03 14:00:00,1754.196,1757.338,1764.229,1764.586,14,0.005943257423951305,1,1759.542,1755.702,3.839999999999918,5.310571428571474,4.0,3
167,Bullish,2022-08-23 00:00:00,1.9939999999999145,0,2022-08-23 12:00:00,12.0,Medium,london,2022-08-23 12:00:00,1730.77,1735.946,1737.98,1738.212,12,0.006135170840002265,1,1736.005,1734.64,1.365000000000009,3.5834999999999906,3.0,2
168,Bullish,2022-09-22 08:00:00,4.235000000000127,8,2022-09-23 09:00:00,25.0,Low,asian/london,2022-09-23 09:00:00,1652.523,1657.13,1661.46,1663.013,9,-0.009291569810387744,0,1661.18,1655.59,5.5900000000001455,3.892571428571403,2.0,1
169,Bullish,2022-10-20 04:00:00,0.6119999999998527,4,2022-10-20 19:00:00,15.0,High,NY,2022-10-20 19:00:00,1624.725,1626.9,1628.627,1629.235,19,-0.0031065669621538985,0,1627.015,1625.128,1.887000000000171,5.902357142857146,5.0,3
170,Bullish,2022-09-28 10:00:00,4.344000000000051,10,2022-10-21 07:00:00,549.0,Low,asian,2022-10-21 07:00:00,1617.139,1623.695,1621.08,1627.242,7,0.020783335511685676,1,1620.28,1616.111,4.168999999999869,3.677357142857155,1.0,1
171,Bullish,2022-10-25 13:00:00,3.8209999999999127,13,2022-10-28 12:00:00,71.0,Medium,london,2022-10-28 12:00:00,1639.912,1643.243,1650.33,1652.958,12,0.0008510949282964163,1,1645.06,1638.945,6.115000000000009,4.92764285714283,3.0,2
172,Bullish,2022-11-15 07:00:00,5.330000000000155,7,2022-11-15 18:00:00,11.0,High,NY,2022-11-15 18:00:00,1768.235,1777.785,1772.415,1785.803,18,0.0022549911063015674,1,1771.48,1768.667,2.813000000000102,7.510214285714304,5.0,3
173,Bullish,2022-11-23 19:00:00,0.7550000000001091,19,2022-11-28 15:00:00,116.0,High,london/NY,2022-11-28 15:00:00,1743.02,1745.425,1748.245,1750.12,15,8.540292123851122e-05,1,1746.425,1742.917,3.508000000000038,4.980500000000006,4.0,3
174,Bullish,2022-11-30 00:00:00,1.6929999999999836,0,2022-11-30 18:00:00,18.0,High,NY,2022-11-30 18:00:00,1744.808,1760.335,1752.7,1760.998,18,0.01780018914595005,1,1749.375,1748.453,0.9220000000000255,5.523714285714326,5.0,3
175,Bullish,2023-01-24 01:00:00,0.9900000000000092,1,2023-01-24 13:00:00,12.0,Low,london,2023-01-24 13:00:00,1930.31,1932.41,1936.655,1937.39,13,0.002687635556308014,1,1932.524,1930.723,1.8009999999999309,3.846428571428581,3.0,1
176,Bullish,2023-02-08 00:00:00,0.55600000000004,0,2023-02-08 14:00:00,14.0,Medium,london/NY,2023-02-08 14:00:00,1869.008,1873.367,1877.65,1883.05,14,0.002473479926142822,1,1873.185,1871.337,1.8479999999999563,5.392142857142891,4.0,2
177,Bullish,2023-02-10 05:00:00,0.80600000000004,5,2023-02-13 09:00:00,76.0,Low,asian/london,2023-02-13 09:00:00,1854.594,1857.008,1862.407,1862.452,9,-0.0011079600595225601,0,1855.75,1853.77,1.9800000000000182,3.812214285714276,2.0,1
178,Bullish,2023-01-06 13:00:00,8.325000000000045,13,2023-02-15 07:00:00,954.0,Medium,asian,2023-02-15 07:00:00,1835.007,1835.609,1843.408,1844.575,7,-0.0007330296288834537,0,1837.665,1834.765,2.8999999999998636,4.570000000000017,1.0,2
179,Bullish,2023-02-16 01:00:00,0.8849999999999909,1,2023-02-16 12:00:00,11.0,Low,london,2023-02-16 12:00:00,1835.76,1839.8,1837.275,1840.006,12,-0.001218340503165074,0,1837.794,1835.235,2.5590000000001965,4.204500000000004,3.0,1
180,Bullish,2023-03-02 11:00:00,4.1749999999999545,11,2023-03-07 14:00:00,123.0,Medium,london/NY,2023-03-07 14:00:00,1829.87,1831.558,1835.31,1835.45,14,-0.010484675665751706,0,1832.575,1830.39,2.1849999999999454,3.4800714285714776,4.0,2
181,Bullish,2023-03-08 14:00:00,0.1349999999999909,14,2023-03-09 02:00:00,12.0,Medium,asian,2023-03-09 02:00:00,1811.855,1813.045,1812.225,1813.975,2,0.0023116208225070043,1,1815.17,1812.155,3.0150000000001,3.513142857142855,1.0,2
182,Bullish,2023-03-22 18:00:00,1.8099999999999448,18,2023-03-27 12:00:00,114.0,Medium,london,2023-03-27 12:00:00,1944.275,1945.65,1954.075,1958.135,12,0.005426766382033292,1,1950.775,1944.178,6.59699999999998,6.078785714285687,3.0,2
183,Bullish,2023-04-25 12:00:00,7.769999999999982,12,2023-04-27 13:00:00,49.0,High,london,2023-04-27 13:00:00,1973.928,1981.82,1985.715,1988.785,13,0.003088376359625633,1,1982.772,1976.59,6.182000000000016,6.234642857142879,3.0,3
184,Bullish,2023-05-12 12:00:00,5.926999999999907,12,2023-05-16 06:00:00,90.0,Low,asian,2023-05-16 06:00:00,2002.612,2007.095,2012.92,2013.04,6,-0.008379429759723193,0,2006.071,2002.555,3.515999999999849,3.0776428571428727,1.0,1
185,Bullish,2023-05-19 15:00:00,3.5,15,2023-05-23 06:00:00,87.0,Low,asian,2023-05-23 06:00:00,1959.465,1962.34,1960.985,1964.515,6,0.006888175277842721,1,1961.88,1957.155,4.725000000000136,3.578928571428605,1.0,1
186,Bullish,2023-05-23 13:00:00,0.8009999999999309,13,2023-05-24 16:00:00,27.0,High,london/NY,2023-05-24 16:00:00,1956.645,1959.016,1963.075,1963.24,16,-0.001508818874137968,0,1962.615,1957.67,4.944999999999936,5.699428571428598,4.0,3
187,Bullish,2023-07-04 06:00:00,0.5269999999998163,6,2023-07-05 02:00:00,20.0,Low,asian,2023-07-05 02:00:00,1923.105,1924.635,1923.995,1924.675,2,0.002777956090673238,1,1924.605,1923.188,1.4169999999999163,2.147571428571431,1.0,1
188,Bullish,2023-06-30 12:00:00,0.8209999999999127,12,2023-07-06 12:00:00,144.0,High,london,2023-07-06 12:00:00,1902.62,1906.182,1926.71,1927.522,12,0.0032035015993891313,1,1906.56,1904.27,2.2899999999999636,4.336642857142855,3.0,3
189,Bullish,2023-07-28 01:00:00,1.0699999999999363,1,2023-08-01 12:00:00,107.0,Medium,london,2023-08-01 12:00:00,1945.87,1946.72,1953.52,1955.92,12,0.002673570179290966,1,1947.74,1945.93,1.8099999999999454,3.202857142857153,3.0,2
190,Bullish,2023-07-12 00:00:00,1.84699999999998,0,2023-08-02 15:00:00,519.0,High,london/NY,2023-08-02 15:00:00,1932.945,1935.45,1935.505,1936.86,15,0.0015495478998079142,1,1933.478,1932.811,0.6670000000001437,4.37892857142856,4.0,3
191,Bullish,2023-07-11 06:00:00,3.918999999999869,6,2023-08-04 12:00:00,582.0,Medium,london,2023-08-04 12:00:00,1923.34,1938.86,1932.22,1942.81,12,0.007663749895348227,1,1929.995,1928.038,1.95699999999988,3.5749999999999966,3.0,2
192,Bullish,2023-08-04 12:00:00,4.5499999999999545,12,2023-08-07 14:00:00,74.0,Medium,london/NY,2023-08-07 14:00:00,1931.36,1934.03,1933.6,1936.81,14,-0.000416609523020826,0,1933.32,1931.21,2.1099999999999,3.4478571428571576,4.0,2
193,Bullish,2023-08-28 12:00:00,1.0399999999999636,12,2023-08-29 12:00:00,24.0,Low,london,2023-08-29 12:00:00,1914.34,1916.95,1917.13,1917.21,12,0.011086914516390156,1,1915.42,1914.32,1.1000000000001364,2.36071428571425,3.0,1
194,Bullish,2023-09-01 01:00:00,2.1099999999999,1,2023-09-01 14:00:00,13.0,High,london/NY,2023-09-01 14:00:00,1934.33,1939.99,1943.56,1943.56,14,0.0018227145814588843,1,1940.21,1938.62,1.5900000000001455,3.8357142857143054,4.0,3
195,Bullish,2023-09-07 01:00:00,0.25,1,2023-09-07 12:00:00,11.0,Medium,london,2023-09-07 12:00:00,1916.14,1923.16,1921.75,1923.52,12,0.0018313298271977099,1,1917.06,1916.22,0.8399999999999181,2.268214285714261,3.0,2
196,Bullish,2023-09-19 07:00:00,0.6499999999998636,7,2023-09-19 18:00:00,11.0,Medium,NY,2023-09-19 18:00:00,1929.68,1930.72,1930.76,1931.15,18,0.00030302951818296715,1,1931.28,1929.73,1.5499999999999545,2.52928571428572,5.0,2
197,Bullish,2023-03-09 13:00:00,6.204999999999927,13,2023-10-03 02:00:00,4981.0,High,asian,2023-10-03 02:00:00,1815.17,1817.32,1822.89,1823.1,2,0.0035348709311518287,1,1819.425,1817.2,2.224999999999909,4.615714285714246,1.0,3
198,Bullish,2023-11-03 12:00:00,4.820000000000164,12,2023-11-06 02:00:00,62.0,High,asian,2023-11-06 02:00:00,1986.72,1987.01,1992.09,1992.88,2,-0.0017306086309074901,0,1988.57,1986.91,1.6599999999998545,6.173571428571433,1.0,3
199,Bullish,2023-10-18 09:00:00,0.9700000000000272,9,2023-11-10 16:00:00,559.0,Medium,london/NY,2023-11-10 16:00:00,1937.1,1939.43,1941.97,1943.38,16,-0.0016456786747901912,0,1939.66,1937.16,2.5,4.120714285714322,4.0,2
200,Bullish,2023-11-28 13:00:00,4.519999999999982,13,2023-12-05 15:00:00,170.0,High,london/NY,2023-12-05 15:00:00,2009.83,2016.13,2016.15,2026.68,15,0.0030869405540611765,1,2015.88,2014.0,1.8800000000001091,6.502142857142856,4.0,3
201,Bullish,2023-11-27 01:00:00,0.7000000000000455,1,2023-12-08 14:00:00,277.0,Medium,london/NY,2023-12-08 14:00:00,2002.51,2008.54,2018.46,2019.21,14,-0.0004643151351756477,0,2004.18,2001.72,2.4600000000000364,4.840714285714252,4.0,2
202,Bullish,2023-12-18 17:00:00,6.990000000000009,17,2023-12-19 05:00:00,12.0,Low,asian,2023-12-19 05:00:00,2022.3,2024.05,2024.04,2025.19,5,0.009345840594218582,1,2024.55,2021.1,3.4500000000000455,3.8107142857142793,1.0,1
203,Bullish,2024-01-12 10:00:00,0.5599999999999454,10,2024-01-16 09:00:00,95.0,Low,asian/london,2024-01-16 09:00:00,2038.58,2041.13,2043.0,2043.79,9,-0.004757513929216062,0,2040.0,2037.76,2.240000000000009,2.977857142857163,2.0,1
204,Bullish,2024-03-20 18:00:00,0.5499999999997272,18,2024-03-22 17:00:00,47.0,High,london/NY,2024-03-22 17:00:00,2157.01,2159.12,2162.55,2164.84,17,0.005236232877981957,1,2159.6,2156.48,3.119999999999891,5.882857142857152,4.0,3
205,Bullish,2024-04-19 01:00:00,9.039999999999964,1,2024-04-19 12:00:00,11.0,High,london,2024-04-19 12:00:00,2374.39,2381.37,2376.72,2384.35,12,0.004058156389440142,1,2379.75,2373.64,6.110000000000127,11.611428571428632,3.0,3
206,Bullish,2024-05-26 22:00:00,2.900000000000091,22,2024-05-30 00:00:00,74.0,Low,asian,2024-05-30 00:00:00,2333.77,2336.76,2338.29,2338.3,0,0.0027977840522025376,1,2334.99,2332.99,2.0,5.442857142857163,1.0,1
207,Bullish,2024-06-05 12:00:00,3.289999999999964,12,2024-06-07 10:00:00,46.0,High,london,2024-06-07 10:00:00,2331.81,2333.46,2339.19,2339.19,10,-0.016895323569876466,0,2335.42,2330.96,4.460000000000036,8.431428571428667,3.0,3
208,Bullish,2024-06-12 12:00:00,6.019999999999982,12,2024-06-13 01:00:00,13.0,High,asian,2024-06-13 01:00:00,2307.99,2312.59,2320.69,2321.46,1,-0.0028075256383934405,0,2314.68,2312.17,2.5099999999997635,9.420000000000073,1.0,3
209,Bullish,2024-06-11 12:00:00,3.289999999999964,12,2024-06-13 11:00:00,47.0,Medium,london,2024-06-13 11:00:00,2303.81,2306.93,2316.25,2316.55,11,-0.0017058743201969412,0,2308.14,2305.33,2.8099999999999454,5.552857142857225,3.0,2
210,Bullish,2024-06-28 05:00:00,1.819999999999709,5,2024-07-01 05:00:00,72.0,Low,asian,2024-07-01 05:00:00,2318.4,2321.73,2323.59,2323.88,5,0.0030163572745919302,1,2321.72,2319.64,2.0799999999999272,4.18500000000001,1.0,1
211,Bullish,2024-07-16 01:00:00,2.869999999999891,1,2024-07-19 01:00:00,72.0,High,asian,2024-07-19 01:00:00,2420.31,2426.02,2434.28,2434.5,1,-0.004699973980811926,0,2422.67,2419.91,2.7600000000002183,7.482857142857126,1.0,3
212,Bullish,2024-08-09 10:00:00,3.849999999999909,10,2024-08-12 02:00:00,64.0,Low,asian,2024-08-12 02:00:00,2423.67,2426.09,2425.91,2427.32,2,0.008374552910260158,1,2425.44,2422.58,2.8600000000001273,5.5692857142857,1.0,1
213,Bullish,2024-09-10 12:00:00,7.099999999999909,12,2024-09-11 12:00:00,24.0,Medium,london,2024-09-11 12:00:00,2502.06,2507.98,2522.01,2523.8,12,0.002470466155810823,1,2507.05,2504.15,2.900000000000091,5.494285714285785,3.0,2
214,Bullish,2024-10-18 01:00:00,3.539999999999964,1,2024-11-06 12:00:00,467.0,High,london,2024-11-06 12:00:00,2693.29,2695.02,2698.96,2707.9,12,-0.011259392879876767,0,2695.66,2692.73,2.9299999999998363,15.211428571428574,3.0,3
215,Bullish,2024-10-16 01:00:00,0.0699999999997089,1,2024-11-06 13:00:00,516.0,High,london,2024-11-06 13:00:00,2659.02,2664.06,2694.96,2694.96,13,0.0007031370440419065,1,2660.43,2658.59,1.8399999999996908,17.506428571428582,3.0,3
216,Bullish,2024-11-22 00:00:00,4.730000000000018,0,2024-11-25 03:00:00,75.0,High,asian,2024-11-25 03:00:00,2658.55,2672.17,2695.08,2697.29,3,0.003460233542346225,1,2669.81,2667.98,1.8299999999999272,11.336428571428574,1.0,3
217,Bullish,2024-11-29 01:00:00,12.600000000000364,1,2024-12-02 00:00:00,71.0,Medium,asian,2024-12-02 00:00:00,2629.9,2637.23,2645.79,2647.54,0,-0.0005668773023465273,0,2639.02,2635.49,3.5300000000002,7.5692857142857,1.0,2
218,Bullish,2024-12-03 13:00:00,6.390000000000327,13,2024-12-04 01:00:00,12.0,Medium,asian,2024-12-04 01:00:00,2637.56,2642.09,2640.35,2643.17,1,0.0018666464730605775,1,2644.08,2638.12,5.960000000000036,6.5149999999999375,1.0,2
219,Bullish,2024-11-26 09:00:00,5.360000000000127,9,2024-12-06 01:00:00,232.0,Medium,asian,2024-12-06 01:00:00,2612.55,2617.43,2628.32,2630.42,1,0.008817478950467618,1,2618.22,2612.3,5.919999999999618,7.447857142857109,1.0,2
220,Bullish,2024-12-10 00:00:00,2.4200000000000728,0,2024-12-13 13:00:00,85.0,Medium,london,2024-12-13 13:00:00,2659.43,2662.0,2672.3,2672.92,13,-0.005064923105258277,0,2661.48,2659.43,2.050000000000182,7.406428571428576,3.0,2
221,Bullish,2025-01-09 06:00:00,4.349999999999909,6,2025-01-13 17:00:00,107.0,High,london/NY,2025-01-13 17:00:00,2659.1,2660.75,2661.16,2664.0,17,0.0053475533627161415,1,2660.84,2657.48,3.3600000000001273,7.181428571428602,4.0,3
222,Bullish,2025-03-04 07:00:00,14.210000000000036,7,2025-03-10 17:00:00,154.0,High,london/NY,2025-03-10 17:00:00,2882.52,2885.87,2895.7,2895.89,17,0.003659641240848751,1,2889.6,2884.19,5.4099999999998545,9.905000000000005,4.0,3
223,Bullish,2025-03-19 18:00:00,1.0199999999999818,18,2025-03-20 10:00:00,16.0,Medium,london,2025-03-20 10:00:00,3025.51,3034.07,3041.25,3041.25,10,0.004190849401554598,1,3033.98,3029.23,4.75,6.572857142857141,3.0,2
224,Bullish,2025-03-26 05:00:00,3.550000000000182,5,2025-03-26 16:00:00,11.0,Medium,london/NY,2025-03-26 16:00:00,3015.04,3015.42,3015.75,3019.93,16,0.005894085521440077,1,3017.42,3014.05,3.369999999999891,6.974285714285576,4.0,2
225,Bullish,2025-04-15 01:00:00,0.4800000000000182,1,2025-04-15 13:00:00,12.0,Low,london,2025-04-15 13:00:00,3211.44,3212.87,3221.38,3226.14,13,0.015984275618649377,1,3215.12,3210.57,4.549999999999727,8.796428571428546,3.0,1
226,Bullish,2025-05-06 01:00:00,21.63999999999988,1,2025-05-08 06:00:00,53.0,High,asian,2025-05-08 06:00:00,3319.91,3329.49,3355.04,3361.61,6,-0.005376085584638,0,3333.97,3321.43,12.539999999999964,17.77571428571423,1.0,3
227,Bullish,2025-05-23 11:00:00,8.829999999999927,11,2025-05-26 09:00:00,70.0,Low,asian/london,2025-05-26 09:00:00,3323.18,3328.22,3334.45,3336.06,9,0.006010572597198335,1,3331.82,3323.12,8.700000000000273,9.374285714285731,2.0,1
228,Bullish,2025-06-12 23:00:00,20.640000000000327,23,2025-06-16 13:00:00,86.0,Medium,london,2025-06-16 13:00:00,3381.69,3387.85,3415.28,3417.72,13,0.0035053378415340324,1,3384.6,3379.37,5.230000000000018,11.878571428571538,3.0,2
229,Bullish,2025-06-20 13:00:00,0.9699999999998,13,2025-06-23 23:00:00,82.0,High,Closing,2025-06-23 23:00:00,3341.05,3344.04,3355.25,3357.19,23,-0.008300993578871286,0,3350.49,3341.48,9.009999999999764,13.510357142857142,,3
230,Bullish,2025-07-04 03:00:00,2.619999999999891,3,2025-07-06 23:00:00,68.0,Low,Closing,2025-07-06 23:00:00,3325.87,3328.63,3333.18,3334.22,23,-0.006268189613486772,0,3332.22,3326.8,5.419999999999618,5.908571428571544,,1
231,Bullish,2025-08-04 11:00:00,2.800000000000182,11,2025-08-05 10:00:00,23.0,Low,london,2025-08-05 10:00:00,3352.83,3352.97,3359.37,3361.57,10,0.007450276852287831,1,3358.56,3352.6,5.960000000000036,6.005714285714313,3.0,1
232,Bullish,2025-08-05 12:00:00,7.2400000000002365,12,2025-08-11 11:00:00,143.0,High,london,2025-08-11 11:00:00,3349.6,3355.13,3358.28,3358.65,11,-0.0014767567438558782,0,3354.21,3349.67,4.539999999999964,10.48892857142859,3.0,3
233,Bullish,2025-09-16 00:00:00,6.9900000000002365,0,2025-09-17 01:00:00,25.0,Medium,asian,2025-09-17 01:00:00,3675.65,3679.24,3690.89,3691.9,1,-0.003346854880807363,0,3680.32,3675.84,4.480000000000018,8.033571428571415,1.0,2
234,Bullish,2025-09-23 08:00:00,10.409999999999854,8,2025-09-23 19:00:00,11.0,High,NY,2025-09-23 19:00:00,3751.78,3764.18,3756.57,3768.03,19,0.0047935368521463744,1,3757.27,3748.67,8.599999999999909,13.453571428571454,5.0,3
235,Bullish,2025-11-18 13:00:00,0.2000000000002728,13,2025-11-20 02:00:00,37.0,High,asian,2025-11-20 02:00:00,4036.4,4066.47,4081.21,4081.5,2,0.011005670037973607,1,4045.01,4029.01,16.0,23.4028571428571,1.0,3
236,Bullish,2025-12-12 05:00:00,3.970000000000255,5,2025-12-12 16:00:00,11.0,High,london/NY,2025-12-12 16:00:00,4256.32,4281.51,4290.18,4296.25,16,0.013717180094508973,1,4270.81,4265.93,4.880000000000109,19.745000000000086,4.0,3
